Was ist ist - Was nicht ist ist mÃ¶glich,Blixa Bargeld,,2015,comment
Mark Zuckerberg Ã¼bernimmt bald den indischen Internetmarkt!,Zeit Online,,2015,comment
Das internet ist nur ein hype!,Horst,,2015,comment
Alles wird supi,Ğ”Ğ°Ğ½Ğ¸,,2015,comment
Bier fÃ¼r alle,Lille,,2015,comment
Technology is only means not end.,Wu,,2015,comment
hallo barbara!,Frau w aus k,,2015,comment
huuhuuu barbara,Frau w aus k,,2015,comment
Augmented Reality wird unser Leben nachhaltig Ã¤ndern. In 5 Jahren gehÃ¶ren Informationen die ins Sichtfeld projiziert werden zum Alltag.,Jan Ericsson,,2015,comment
Morgen wird alles besser!,jQuery111208596996639389545_1437744293568?,,2015,comment
Andreas lieblingsgetrÃ¤nk ist der gin basil smash,Ein Besucher,,2015,comment
Manuel ist toll,Will nicht erkannt werden,,2015,comment
Mal schauen ob ich mich anmelden kann...,Test,,2015,comment
"Kinder, was fÃ¼r ein Quatsch...",GT,,2015,comment
Neugier und KreativitÃ¤t ist nicht nur ein Treibmittel,ğŸ˜Š,,2015,comment
"Zukunft, am besten ohne smartphone",Ein Besucher,,2015,comment
SchÃ¶ne bunte Welt ğŸ˜Š,Lutz,,2015,comment
SchÃ¶ne bunte Welt!,Lutz,,2015,comment
Roboter. GefÃ¼hle. Gefahr.,Melanie,,2015,comment
Roboter. GefÃ¼hle. Gefahr.,Melanie,,2015,comment

