"Wenn ich gro√ü bin, m√∂chte ich ein fliegendes Auto haben.",Luc,,2015,comment
Kein Computer wird meine Intelligenz √ºbertreffen.,Max,,2015,comment
Das Nokia 3510 wird wiederkommen.,Erika,,2015,comment
2015 wird es das schwebende Skateboard geben.,Marty,,1985,comment
Mark Zuckerberg √ºbernimmt in naher Zukunft den indischen internetmarkt!,Zeit online,,2015,comment
Was ist ist - Was nicht ist ist m√∂glich,Blixa Bargeld,,2015,comment
Mark Zuckerberg √ºbernimmt bald den indischen Internetmarkt!,Zeit Online,,2015,comment
Das internet ist nur ein hype!,Horst,,2015,comment
Alles wird supi,–î–∞–Ω–∏,,2015,comment
Bier f√ºr alle,Lille,,2015,comment
Technology is only means not end.,Wu,,2015,comment
hallo barbara!,Frau w aus k,,2015,comment
huuhuuu barbara,Frau w aus k,,2015,comment
Augmented Reality wird unser Leben nachhaltig √§ndern. In 5 Jahren geh√∂ren Informationen die ins Sichtfeld projiziert werden zum Alltag.,Jan Ericsson,,2015,comment
Morgen wird alles besser!,jQuery111208596996639389545_1437744293568?,,2015,comment
Andreas lieblingsgetr√§nk ist der gin basil smash,Ein Besucher,,2015,comment
Manuel ist toll,Will nicht erkannt werden,,2015,comment
Mal schauen ob ich mich anmelden kann...,Test,,2015,comment
"Kinder, was f√ºr ein Quatsch...",GT,,2015,comment
Neugier und Kreativit√§t ist nicht nur ein Treibmittel,üòä,,2015,comment
"Zukunft, am besten ohne smartphone",Ein Besucher,,2015,comment
Sch√∂ne bunte Welt üòä,Lutz,,2015,comment
Sch√∂ne bunte Welt!,Lutz,,2015,comment
Roboter. Gef√ºhle. Gefahr.,Melanie,,2015,comment
Roboter. Gef√ºhle. Gefahr.,Melanie,,2015,comment
jdkvhd kdhjjd jhshjd,hspbdkv,,2015,comment
hello world! This works on windows too!,test user,,2015,comment
cjgshjh Hau JS hat heute Geburtstag hat sich der,hspbdbsby,,2015,comment
kein kommentar,lsdlsjdlkjslskjlk,,2015,comment
kein Kommentar,,,2015,comment
kein Kommentar als kein Besucher,Ein Besucher,,2015,comment
jhkjhkhkjhkjhkjkjhkjjkjhkjh,Ein Besucher,,2015,comment
laskdlkjsd lkjasdlkjasldkj asd,Ein Besucher,,2015,comment
